{"cameraMode":{"drawMode":0,"name":"Shaded","section":"Shading Mode"},"sceneLighting":true,"audioPlay":false,"sceneViewState":{"m_AlwaysRefresh":false,"showFog":true,"showSkybox":true,"showFlares":true,"showImageEffects":true,"showParticleSystems":true,"showVisualEffectGraphs":true,"m_FxEnabled":true},"in2DMode":false,"pivot":{"x":-31.940614700317384,"y":23.860061645507814,"z":49.906211853027347},"rotation":{"x":0.3435913026332855,"y":0.36669111251831057,"z":-0.1479078233242035,"w":0.8518258929252625},"size":55.14883041381836,"orthographic":true}